Id,MSSubClass,MSZoning,LotFrontage,LotArea,Street,Alley,LotShape,LandContour,Utilities,LotConfig,LandSlope,Neighborhood,Condition1,Condition2,BldgType,HouseStyle,OverallQual,OverallCond,YearBuilt,YearRemodAdd,RoofStyle,RoofMatl,Exterior1st,Exterior2nd,MasVnrType,MasVnrArea,ExterQual,ExterCond,Foundation,BsmtQual,BsmtCond,BsmtExposure,BsmtFinType1,BsmtFinSF1,BsmtFinType2,BsmtFinSF2,BsmtUnfSF,TotalBsmtSF,Heating,HeatingQC,CentralAir,Electrical,1stFlrSF,2ndFlrSF,LowQualFinSF,GrLivArea,BsmtFullBath,BsmtHalfBath,FullBath,HalfBath,BedroomAbvGr,KitchenAbvGr,KitchenQual,TotRmsAbvGrd,Functional,Fireplaces,FireplaceQu,GarageType,GarageYrBlt,GarageFinish,GarageCars,GarageArea,GarageQual,GarageCond,PavedDrive,WoodDeckSF,OpenPorchSF,EnclosedPorch,3SsnPorch,ScreenPorch,PoolArea,PoolQC,Fence,MiscFeature,MiscVal,MoSold,YrSold,SaleType,SaleCondition,SalePrice,LogSalePrice,TotalBathrooms,TotalSF,HouseAge,RemodAge,HasPool,HasGarage,HasFireplace,QualityCategory,PricePerSqFt,PredictedPrice,DiffPercent
524,60,RL,130.0,40094,Pave,,IR1,Bnk,AllPub,Inside,Gtl,Edwards,PosN,PosN,1Fam,2Story,10,5,2007,2008,Hip,CompShg,CemntBd,CmentBd,Stone,762.0,Ex,TA,PConc,Ex,TA,Gd,GLQ,2260,Unf,0,878,3138,GasA,Ex,Y,SBrkr,3138,1538,0,4676,1,0,3,1,3,1,Ex,11,Typ,1,Gd,BuiltIn,2007.0,Fin,3,884,TA,TA,Y,208,406,0,0,0,0,,,,0,10,2007,New,Partial,184750,12.126764251515691,4.5,7814,0,-1,0,1,1,Excellent,39.51026518391788,564499.0873919603,205.54754391987026
1299,60,RL,313.0,63887,Pave,,IR3,Bnk,AllPub,Corner,Gtl,Edwards,Feedr,Norm,1Fam,2Story,10,5,2008,2008,Hip,ClyTile,Stucco,Stucco,Stone,796.0,Ex,TA,PConc,Ex,TA,Gd,GLQ,5644,Unf,0,466,6110,GasA,Ex,Y,SBrkr,4692,950,0,5642,2,0,2,1,3,1,Ex,12,Typ,3,Gd,Attchd,2008.0,Fin,2,1418,TA,TA,Y,214,292,0,0,0,480,Gd,,,0,1,2008,New,Partial,160000,11.982935344196433,4.5,11752,0,0,1,1,1,Excellent,28.35873803615739,456376.20888128196,185.23513055080122
633,20,RL,85.0,11900,Pave,,Reg,Lvl,AllPub,Inside,Gtl,NWAmes,Norm,Norm,1Fam,1Story,7,5,1977,1977,Hip,CompShg,Plywood,Plywood,BrkFace,209.0,TA,Gd,CBlock,TA,TA,No,ALQ,822,Unf,0,564,1386,GasA,TA,Y,SBrkr,1411,0,0,1411,0,0,2,0,3,1,TA,6,Typ,1,TA,Attchd,1977.0,Fin,2,544,TA,TA,Y,192,0,0,0,0,0,,,,0,4,2009,WD,Family,82500,11.320565693461432,2.0,2797,32,32,0,1,1,Good,58.46917080085046,169386.46217890058,105.31692385321283
1325,20,RL,75.0,9986,Pave,,Reg,Lvl,AllPub,Inside,Gtl,Somerst,Norm,Norm,1Fam,1Story,8,5,2006,2007,Gable,CompShg,VinylSd,VinylSd,BrkFace,428.0,Gd,TA,PConc,Ex,TA,Av,Unf,0,Unf,0,1795,1795,GasA,Ex,Y,SBrkr,1795,0,0,1795,0,0,2,0,2,1,Gd,7,Typ,1,Gd,Attchd,2007.0,RFn,3,895,TA,TA,Y,0,49,0,0,0,0,,,,0,2,2007,New,Partial,147000,11.898194668458823,2.0,3590,1,0,0,1,1,Good,81.8941504178273,271570.97896731703,84.7421625628007
715,60,RL,,13517,Pave,,IR1,Lvl,AllPub,CulDSac,Gtl,Sawyer,RRAe,Norm,1Fam,2Story,6,8,1976,2005,Gable,CompShg,HdBoard,Plywood,BrkFace,289.0,Gd,TA,CBlock,TA,TA,No,GLQ,533,Unf,0,192,725,GasA,Ex,Y,SBrkr,725,754,0,1479,0,0,2,1,3,1,Gd,6,Typ,0,,Attchd,1976.0,RFn,2,475,TA,TA,Y,0,44,0,0,0,0,,,,0,3,2010,WD,Normal,130500,11.779136168550774,2.5,2204,34,5,0,1,0,Medium,88.23529411764706,175948.85206163817,34.82670656064228
667,60,RL,,18450,Pave,,IR1,Lvl,AllPub,Inside,Gtl,NAmes,Norm,Norm,1Fam,2Story,6,5,1965,1979,Flat,Tar&Grv,Plywood,Plywood,BrkCmn,113.0,TA,Gd,CBlock,Gd,TA,No,LwQ,187,Rec,723,111,1021,GasA,TA,Y,SBrkr,1465,915,0,2380,0,0,2,1,3,1,TA,7,Sev,1,Po,CarPort,1965.0,Unf,2,596,TA,TA,Y,0,265,0,0,0,0,,,,0,8,2007,WD,Abnorml,129000,11.767575435251748,2.5,3401,42,28,0,1,1,Medium,54.20168067226891,169680.63827348038,31.535378506573934
582,20,RL,98.0,12704,Pave,,Reg,Lvl,AllPub,Inside,Gtl,NridgHt,Norm,Norm,1Fam,1Story,8,5,2008,2009,Hip,CompShg,VinylSd,VinylSd,BrkFace,306.0,Ex,TA,PConc,Ex,TA,No,Unf,0,Unf,0,2042,2042,GasA,Ex,Y,SBrkr,2042,0,0,2042,0,0,2,1,3,1,Ex,8,Typ,1,Gd,Attchd,2009.0,RFn,3,1390,TA,TA,Y,0,90,0,0,0,0,,,,0,8,2009,New,Partial,253293,12.442306148381938,2.5,4084,1,0,0,1,1,Good,124.04162585700294,324840.9795800709,28.247120757411725
4,70,RL,60.0,9550,Pave,,IR1,Lvl,AllPub,Corner,Gtl,Crawfor,Norm,Norm,1Fam,2Story,7,5,1915,1970,Gable,CompShg,Wd Sdng,Wd Shng,,0.0,TA,TA,BrkTil,TA,Gd,No,ALQ,216,Unf,0,540,756,GasA,Gd,Y,SBrkr,961,756,0,1717,1,0,1,0,3,1,Gd,7,Typ,1,Gd,Detchd,1998.0,Unf,3,642,TA,TA,Y,0,35,272,0,0,0,,,,0,2,2006,WD,Abnorml,140000,11.849404844423074,2.0,2473,91,36,0,1,1,Good,81.537565521258,177706.47421050823,26.933195864648734
319,60,RL,90.0,9900,Pave,,Reg,Low,AllPub,Inside,Mod,NoRidge,Norm,Norm,1Fam,2Story,7,5,1993,1993,Gable,CompShg,HdBoard,HdBoard,BrkFace,256.0,Gd,TA,PConc,Gd,TA,Gd,GLQ,987,Unf,0,360,1347,GasA,Ex,Y,SBrkr,1372,1274,0,2646,1,0,2,1,4,1,Gd,9,Typ,1,TA,Attchd,1993.0,RFn,3,656,TA,TA,Y,340,60,144,0,0,0,,,,0,4,2009,WD,Normal,260000,12.468440756144114,3.5,3993,16,16,0,1,1,Good,98.26152683295541,326261.2993371888,25.48511512968799
94,190,C (all),60.0,7200,Pave,,Reg,Lvl,AllPub,Corner,Gtl,OldTown,Norm,Norm,2fmCon,2.5Unf,6,6,1910,1998,Hip,CompShg,MetalSd,MetalSd,,0.0,TA,TA,BrkTil,TA,Fa,Mn,Rec,1046,Unf,0,168,1214,GasW,Ex,N,SBrkr,1260,1031,0,2291,0,1,2,0,4,2,TA,9,Typ,1,Gd,Detchd,1900.0,Unf,2,506,TA,TA,Y,0,0,0,0,99,0,,,,0,11,2007,WD,Normal,133900,11.804855999911272,2.5,3505,97,9,0,1,1,Medium,58.44609340899171,167581.3099507473,25.154077633119716
745,120,RL,41.0,5395,Pave,,IR1,HLS,AllPub,Inside,Gtl,StoneBr,Norm,Norm,TwnhsE,1Story,8,5,1993,1993,Gable,CompShg,HdBoard,HdBoard,,0.0,Gd,TA,PConc,Gd,TA,No,GLQ,733,Unf,0,604,1337,GasA,Gd,Y,SBrkr,1337,0,0,1337,1,0,2,0,2,1,Gd,5,Typ,1,TA,Attchd,1993.0,RFn,2,462,TA,TA,Y,96,0,70,168,0,0,,,,0,10,2008,WD,Normal,180000,12.100717685412471,3.0,2674,15,15,0,1,1,Good,134.62976813762154,225213.09687379416,25.118387152107868
659,50,RL,78.0,17503,Pave,,Reg,Lvl,AllPub,Inside,Gtl,NAmes,Artery,Norm,1Fam,1.5Fin,6,5,1948,1950,Gable,CompShg,VinylSd,VinylSd,,0.0,TA,TA,CBlock,TA,TA,No,Unf,0,Unf,0,912,912,GasA,TA,Y,SBrkr,912,546,0,1458,0,1,1,0,3,1,TA,6,Typ,1,Gd,Attchd,1948.0,Unf,1,330,TA,TA,Y,192,0,0,0,0,0,,,,0,1,2010,WD,Abnorml,97500,11.487617913343598,1.5,2370,62,60,0,1,1,Medium,66.8724279835391,121988.28313857478,25.116187834435678
1345,60,RL,85.0,11103,Pave,,IR1,Lvl,AllPub,Corner,Gtl,CollgCr,Norm,Norm,1Fam,2Story,7,5,2006,2006,Gable,CompShg,VinylSd,VinylSd,,0.0,Gd,TA,PConc,Gd,TA,No,Unf,0,Unf,0,728,728,GasA,Ex,Y,SBrkr,728,728,0,1456,0,0,2,1,3,1,Gd,8,Typ,1,TA,Attchd,2006.0,Fin,2,440,TA,TA,Y,0,0,0,0,0,0,,,,0,7,2007,New,Partial,155835,11.95655945119582,2.5,2184,1,1,0,1,1,Good,107.02953296703296,194823.77499954792,25.01926717332302
1032,75,RL,102.0,15863,Pave,,Reg,Lvl,AllPub,Corner,Gtl,SWISU,Norm,Norm,1Fam,2.5Fin,7,3,1920,1970,Gable,CompShg,Wd Sdng,Plywood,,0.0,TA,TA,BrkTil,TA,TA,No,GLQ,523,Unf,0,301,824,GasA,Ex,Y,SBrkr,1687,998,397,3082,1,0,2,1,5,1,TA,12,Typ,2,TA,Basment,1970.0,Fin,2,672,TA,TA,Y,136,63,0,0,0,0,,,,0,8,2009,WD,Normal,197000,12.190964083849375,3.5,3906,89,39,0,1,1,Good,63.91953277092797,244474.07088889054,24.0985131415688
67,20,RL,,19900,Pave,,Reg,Lvl,AllPub,Inside,Gtl,NAmes,PosA,Norm,1Fam,1Story,7,5,1970,1989,Gable,CompShg,Plywood,Plywood,BrkFace,287.0,TA,TA,CBlock,Gd,TA,Gd,GLQ,912,Unf,0,1035,1947,GasA,TA,Y,SBrkr,2207,0,0,2207,1,0,2,0,3,1,TA,7,Min1,1,Gd,Attchd,1970.0,RFn,2,576,TA,TA,Y,301,0,0,0,0,0,,,,0,7,2010,WD,Normal,180000,12.100717685412471,3.0,4154,40,21,0,1,1,Good,81.55867693701857,222470.43405074888,23.594685583749378
432,50,RM,60.0,5586,Pave,,IR1,Bnk,AllPub,Inside,Gtl,OldTown,Feedr,Norm,1Fam,1.5Fin,6,7,1920,1998,Gable,CompShg,MetalSd,MetalSd,,0.0,TA,TA,BrkTil,TA,TA,No,Unf,0,Unf,0,901,901,GasA,Gd,Y,SBrkr,1088,110,0,1198,0,0,1,0,4,1,TA,7,Typ,0,,,,,0,0,,,N,0,98,0,0,0,0,,MnPrv,,0,9,2008,ConLD,Abnorml,79900,11.288543647320601,1.0,2099,88,10,0,0,0,Medium,66.69449081803005,98619.08457598834,23.428140896105553
773,80,RL,94.0,7819,Pave,,Reg,Lvl,AllPub,Inside,Gtl,Edwards,Norm,Norm,1Fam,SLvl,6,5,1976,1976,Gable,CompShg,Plywood,Plywood,,0.0,TA,TA,CBlock,TA,TA,Av,ALQ,422,BLQ,127,480,1029,GasA,TA,Y,SBrkr,1117,0,0,1117,1,0,1,0,3,1,TA,6,Typ,1,TA,Detchd,1976.0,Unf,2,672,TA,TA,Y,144,0,0,0,0,0,,MnPrv,,0,3,2010,WD,Abnorml,107000,11.580593459194764,2.0,2146,34,34,0,1,1,Medium,95.79230080572964,131968.304866686,23.33486436138878
402,20,RL,65.0,8767,Pave,,IR1,Lvl,AllPub,Inside,Gtl,CollgCr,Norm,Norm,1Fam,1Story,7,5,2005,2005,Gable,CompShg,VinylSd,VinylSd,,0.0,Gd,TA,PConc,Gd,TA,Av,GLQ,24,Unf,0,1286,1310,GasA,Ex,Y,SBrkr,1310,0,0,1310,0,0,2,0,3,1,Gd,6,Typ,1,Gd,Attchd,2005.0,Fin,2,400,TA,TA,Y,0,0,0,0,0,0,,,,0,7,2006,New,Partial,164990,12.013646205940514,2.0,2620,1,1,0,1,1,Good,125.94656488549619,203440.04239898024,23.304468391405685
530,20,RL,,32668,Pave,,IR1,Lvl,AllPub,CulDSac,Gtl,Crawfor,Norm,Norm,1Fam,1Story,6,3,1957,1975,Hip,CompShg,Wd Sdng,Stone,,,Gd,TA,PConc,TA,TA,No,Rec,1219,Unf,0,816,2035,GasA,TA,Y,SBrkr,2515,0,0,2515,1,0,3,0,4,2,TA,9,Maj1,2,TA,Attchd,1975.0,RFn,2,484,TA,TA,Y,0,0,200,0,0,0,,,,0,3,2007,WD,Alloca,200624,12.209192772866418,4.0,4550,50,32,0,1,1,Medium,79.77097415506958,247229.1504796554,23.230097336138943
349,160,RL,36.0,2448,Pave,,Reg,Lvl,AllPub,Inside,Gtl,NridgHt,Norm,Norm,Twnhs,2Story,7,5,2003,2004,Gable,CompShg,VinylSd,Wd Shng,Stone,106.0,Gd,TA,PConc,Gd,TA,No,GLQ,573,Unf,0,191,764,GasA,Ex,Y,SBrkr,764,862,0,1626,1,0,2,1,2,1,Gd,6,Typ,0,,BuiltIn,2003.0,RFn,2,474,TA,TA,Y,0,27,0,0,0,0,,,,0,10,2008,WD,Normal,154000,11.944714374881176,3.5,2390,5,4,0,1,0,Good,94.71094710947109,188971.22179481885,22.7085855810512
1069,160,RM,42.0,3964,Pave,,Reg,Lvl,AllPub,Inside,Gtl,MeadowV,Norm,Norm,TwnhsE,2Story,6,4,1973,1973,Gable,CompShg,CemntBd,CmentBd,,0.0,TA,TA,CBlock,Gd,TA,No,ALQ,837,Unf,0,105,942,GasA,Gd,Y,SBrkr,1291,1230,0,2521,1,0,2,1,5,1,TA,10,Maj1,1,Gd,Attchd,1973.0,Fin,2,576,TA,TA,Y,728,20,0,0,0,0,,GdPrv,,0,6,2006,WD,Normal,151400,11.927687224983487,3.5,3463,33,33,0,1,1,Medium,60.05553351844506,185615.2469686841,22.599238420531115
663,20,RL,120.0,13560,Pave,,Reg,Lvl,AllPub,Corner,Gtl,NAmes,Norm,Norm,1Fam,1Story,6,3,1968,1968,Hip,CompShg,Wd Sdng,Wd Sdng,BrkFace,216.0,TA,TA,CBlock,Fa,Fa,No,Unf,0,Unf,0,1392,1392,GasA,Gd,Y,SBrkr,1392,0,0,1392,1,0,1,0,2,1,TA,5,Maj2,2,TA,Attchd,1968.0,RFn,2,576,TA,TA,Y,0,0,240,0,0,0,,,,0,7,2009,WD,Normal,110000,11.608244735642321,2.0,2784,41,41,0,1,1,Medium,79.02298850574712,134554.9119971868,22.322647270169824
1212,50,RL,152.0,12134,Pave,,IR1,Bnk,AllPub,Inside,Mod,Gilbert,Norm,Norm,1Fam,1.5Fin,8,7,1988,2005,Gable,CompShg,Wd Sdng,Wd Sdng,,0.0,Gd,TA,Wood,Gd,TA,Av,GLQ,427,Unf,0,132,559,GasA,Gd,Y,SBrkr,1080,672,0,1752,0,0,2,0,4,1,TA,8,Typ,0,,Basment,1988.0,RFn,2,492,TA,TA,Y,325,12,0,0,0,0,,,,0,6,2010,WD,Normal,164000,12.00762780434872,2.0,2311,22,5,0,1,0,Good,93.60730593607306,200404.24432936517,22.197709956929984
1323,60,RL,107.0,10186,Pave,,IR1,Lvl,AllPub,Inside,Gtl,NoRidge,Norm,Norm,1Fam,2Story,7,5,1992,1992,Gable,CompShg,HdBoard,HdBoard,,0.0,Gd,TA,PConc,Gd,TA,No,GLQ,674,Unf,0,76,750,GasA,Ex,Y,SBrkr,1061,862,0,1923,1,0,2,1,3,1,Gd,8,Typ,1,TA,Attchd,1992.0,RFn,2,564,TA,TA,Y,240,39,0,0,0,0,,,,0,6,2010,WD,Normal,190000,12.154784614286667,3.5,2673,18,18,0,1,1,Good,98.80395215808632,231900.9139864309,22.053112624437322
1294,60,RL,78.0,10140,Pave,,Reg,Lvl,AllPub,Inside,Gtl,NWAmes,Norm,Norm,1Fam,2Story,7,5,1976,1976,Gable,CompShg,HdBoard,HdBoard,,0.0,TA,TA,PConc,Gd,TA,No,GLQ,194,Unf,0,638,832,GasA,TA,Y,SBrkr,832,832,0,1664,0,0,2,1,4,1,TA,8,Typ,1,TA,Attchd,1976.0,RFn,2,528,TA,TA,Y,0,28,0,0,259,0,,GdWo,,0,3,2006,WD,Normal,162900,12.000897933306716,2.5,2496,30,30,0,1,1,Good,97.89663461538461,198718.09084593088,21.987778297072367
896,60,RL,71.0,7056,Pave,,Reg,Lvl,AllPub,Inside,Gtl,NAmes,Norm,Norm,1Fam,2Story,6,5,1963,1963,Hip,CompShg,HdBoard,HdBoard,BrkFace,415.0,TA,TA,CBlock,TA,TA,No,BLQ,400,Unf,0,380,780,GasA,TA,Y,SBrkr,983,813,0,1796,1,0,1,1,4,1,TA,8,Typ,1,TA,Attchd,1963.0,RFn,2,483,TA,TA,Y,0,50,0,0,0,0,,,,0,10,2008,WD,Normal,140000,11.849404844423074,2.5,2576,45,45,0,1,1,Medium,77.95100222717149,170166.3448302913,21.547389164493776
545,60,RL,58.0,17104,Pave,,IR1,Lvl,AllPub,Inside,Gtl,Gilbert,Norm,Norm,1Fam,2Story,7,5,2006,2006,Gable,CompShg,VinylSd,VinylSd,,0.0,Gd,TA,PConc,Gd,Gd,Av,GLQ,554,Unf,0,100,654,GasA,Ex,Y,SBrkr,664,832,0,1496,1,0,2,1,3,1,Gd,7,Typ,1,Gd,Attchd,2006.0,RFn,2,426,TA,TA,Y,100,24,0,0,0,0,,,,0,9,2006,New,Partial,179665,12.098854850641,3.5,2150,0,0,0,1,1,Good,120.09692513368984,218080.0164037088,21.381469069495346
5,60,RL,84.0,14260,Pave,,IR1,Lvl,AllPub,FR2,Gtl,NoRidge,Norm,Norm,1Fam,2Story,8,5,2000,2000,Gable,CompShg,VinylSd,VinylSd,BrkFace,350.0,Gd,TA,PConc,Gd,TA,Av,GLQ,655,Unf,0,490,1145,GasA,Ex,Y,SBrkr,1145,1053,0,2198,1,0,2,1,4,1,Gd,9,Typ,1,TA,Attchd,2000.0,RFn,3,836,TA,TA,Y,192,84,0,0,0,0,,,,0,12,2008,WD,Normal,250000,12.429220196836383,3.5,3343,8,8,0,1,1,Good,113.73976342129208,302632.98965119635,21.05319586047854
973,120,RL,55.0,7892,Pave,,Reg,Lvl,AllPub,Inside,Gtl,SawyerW,Norm,Norm,TwnhsE,1Story,6,5,1979,1979,Gable,CompShg,Plywood,Plywood,,0.0,TA,TA,CBlock,Gd,TA,No,Unf,0,Unf,0,918,918,GasA,TA,Y,SBrkr,918,0,0,918,0,0,2,0,2,1,TA,5,Typ,1,TA,Attchd,1979.0,Unf,1,264,TA,TA,Y,28,0,0,0,0,0,,,,0,4,2010,WD,Normal,99500,11.507922973347437,2.0,1836,31,31,0,1,1,Medium,108.38779956427015,120338.19099965012,20.942905527286555
126,190,RM,60.0,6780,Pave,,Reg,Lvl,AllPub,Inside,Gtl,IDOTRR,Norm,Norm,2fmCon,1.5Fin,6,8,1935,1982,Gable,CompShg,Wd Sdng,Wd Sdng,,0.0,TA,Fa,CBlock,TA,TA,Av,GLQ,490,Unf,0,30,520,GasA,Gd,N,SBrkr,520,0,234,754,1,0,1,0,2,1,TA,5,Typ,0,,,,,0,0,,,N,53,0,0,0,0,0,,,,0,6,2006,WD,Normal,84500,11.344518647594766,2.0,1274,71,24,0,0,0,Medium,112.06896551724138,101903.00295263932,20.595269766437063
559,60,RL,57.0,21872,Pave,,IR2,HLS,AllPub,FR2,Gtl,Gilbert,Norm,Norm,1Fam,2Story,7,5,1996,1997,Gable,CompShg,HdBoard,HdBoard,,0.0,TA,TA,PConc,Gd,TA,Gd,GLQ,604,Unf,0,125,729,GasA,Ex,Y,SBrkr,729,717,0,1446,0,1,2,1,3,1,TA,6,Typ,1,TA,Attchd,1996.0,Unf,2,406,TA,TA,Y,264,22,0,0,0,0,,,,0,8,2008,WD,Normal,175000,12.07254696717504,3.0,2175,12,11,0,1,1,Good,121.02351313969571,210096.94637506278,20.055397928607302
57,160,FV,24.0,2645,Pave,Pave,Reg,Lvl,AllPub,Inside,Gtl,Somerst,Norm,Norm,Twnhs,2Story,8,5,1999,2000,Gable,CompShg,MetalSd,MetalSd,BrkFace,456.0,Gd,TA,PConc,Gd,TA,No,GLQ,649,Unf,0,321,970,GasA,Ex,Y,SBrkr,983,756,0,1739,1,0,2,1,3,1,Gd,7,Typ,0,,Attchd,1999.0,Fin,2,480,TA,TA,Y,115,0,0,0,0,0,,,,0,8,2009,WD,Abnorml,172500,12.058158312538197,3.5,2709,10,9,0,1,0,Good,99.19493962047153,207013.05148605883,20.00756607887468
384,45,RH,60.0,9000,Pave,,Reg,Lvl,AllPub,Corner,Gtl,SawyerW,Norm,Norm,1Fam,1.5Unf,6,3,1928,1950,Gable,CompShg,Wd Sdng,Wd Sdng,,0.0,TA,TA,BrkTil,Fa,Fa,No,Unf,0,Unf,0,784,784,GasA,TA,N,FuseA,784,0,0,784,0,0,1,0,2,1,TA,5,Typ,0,,Detchd,1950.0,Unf,2,360,Fa,Fa,N,0,0,91,0,0,0,,,,0,10,2009,WD,Normal,76000,11.23850177707664,1.0,1568,81,59,0,1,0,Medium,96.93877551020408,90485.94489007958,19.060453802736294
945,20,RL,,14375,Pave,,IR1,Lvl,NoSeWa,CulDSac,Gtl,Timber,Norm,Norm,1Fam,SLvl,6,6,1958,1958,Gable,CompShg,HdBoard,HdBoard,BrkFace,541.0,TA,TA,CBlock,TA,TA,No,GLQ,111,Rec,354,354,819,GasA,Gd,Y,FuseA,1344,0,0,1344,0,1,1,0,3,1,Gd,7,Typ,1,Gd,Basment,1958.0,RFn,2,525,TA,TA,Y,0,118,0,0,233,0,,,,0,1,2009,COD,Abnorml,137500,11.83138646878959,1.5,2163,51,51,0,1,1,Medium,102.30654761904762,163242.0531267891,18.72149318311935
440,50,RL,67.0,12354,Pave,Grvl,Reg,Lvl,AllPub,Corner,Gtl,Edwards,Norm,Norm,1Fam,1.5Fin,6,8,1920,2000,Gable,CompShg,Wd Sdng,Wd Sdng,,0.0,TA,TA,BrkTil,TA,Fa,Mn,Unf,0,Unf,0,684,684,GasA,Gd,Y,SBrkr,684,512,0,1196,0,0,1,0,3,1,Gd,7,Typ,0,,Detchd,2005.0,Unf,2,528,TA,TA,Y,0,46,0,0,0,0,,GdPrv,Shed,800,8,2009,ConLI,Normal,110000,11.608244735642321,1.0,1880,89,9,0,1,0,Medium,91.97324414715719,130480.66402446906,18.61878547679006
483,70,RM,50.0,2500,Pave,Pave,Reg,Lvl,AllPub,Corner,Gtl,OldTown,Norm,Norm,1Fam,2Story,7,8,1915,2005,Gable,CompShg,Stucco,Stucco,,0.0,Gd,TA,PConc,TA,TA,No,ALQ,299,Unf,0,611,910,GasA,Ex,Y,SBrkr,916,910,0,1826,1,0,1,1,4,1,Ex,7,Min2,1,Gd,Attchd,1915.0,Unf,1,164,Fa,Fa,Y,0,0,0,0,0,0,,,,0,6,2009,WD,Normal,155000,11.951186847493476,2.5,2736,94,4,0,1,1,Good,84.88499452354874,183307.31658503736,18.262784893572494
199,75,RM,92.0,5520,Pave,,Reg,Lvl,AllPub,Corner,Gtl,OldTown,Norm,Norm,1Fam,2.5Fin,6,6,1912,1950,Gable,CompShg,Wd Sdng,Wd Sdng,,0.0,TA,TA,CBlock,TA,TA,No,Unf,0,Unf,0,755,755,GasA,Ex,Y,SBrkr,929,929,371,2229,0,0,1,0,5,1,TA,8,Typ,0,,,,,0,0,,,Y,0,198,30,0,0,0,,MnPrv,,0,7,2009,WD,Abnorml,104000,11.552155793461898,1.0,2984,97,59,0,0,0,Medium,46.657694033198744,122734.46003888968,18.01390388354777
727,20,RL,,21695,Pave,,IR1,Lvl,AllPub,Corner,Gtl,Crawfor,Norm,Norm,1Fam,1Story,6,9,1988,2007,Hip,CompShg,Wd Sdng,Plywood,BrkFace,260.0,Gd,Gd,CBlock,Gd,TA,No,GLQ,808,Unf,0,72,880,GasA,Ex,Y,SBrkr,1680,0,0,1680,1,0,2,0,3,1,Gd,5,Typ,1,Gd,Attchd,1988.0,Fin,2,540,TA,TA,Y,292,44,0,182,0,0,,,,0,12,2009,WD,Normal,222000,12.310437165348775,3.0,2560,21,2,0,1,1,Medium,132.14285714285714,261870.50405640726,17.95968651189516
1217,90,RM,68.0,8930,Pave,,Reg,Lvl,AllPub,Inside,Gtl,Sawyer,RRAe,Norm,Duplex,1.5Fin,6,5,1978,1978,Gable,CompShg,VinylSd,VinylSd,,0.0,TA,TA,Slab,,,,,0,,0,0,0,GasA,TA,Y,SBrkr,1318,584,0,1902,0,0,2,0,4,2,TA,8,Typ,0,,Attchd,1978.0,Unf,2,539,TA,TA,Y,0,0,0,0,0,0,,,,0,4,2010,WD,Normal,112000,11.626263078808801,2.0,1902,32,32,0,1,0,Medium,58.88538380651946,131729.56253022392,17.61568083055707
52,50,RM,52.0,6240,Pave,,Reg,Lvl,AllPub,Inside,Gtl,BrkSide,Norm,Norm,1Fam,1.5Fin,6,6,1934,1950,Gable,CompShg,Wd Sdng,Wd Sdng,,0.0,TA,TA,PConc,TA,TA,No,Unf,0,Unf,0,816,816,GasA,TA,Y,SBrkr,816,0,360,1176,0,0,1,0,3,1,TA,6,Typ,1,Gd,Detchd,1985.0,Unf,2,528,TA,TA,Y,112,0,0,0,0,0,,MnPrv,Shed,400,9,2006,WD,Normal,114500,11.648338835562747,1.0,1992,72,56,0,1,1,Medium,97.3639455782313,134188.55051294123,17.1952406226561
200,20,RL,76.0,9591,Pave,,Reg,Lvl,AllPub,Inside,Gtl,NridgHt,Norm,Norm,1Fam,1Story,8,5,2004,2005,Hip,CompShg,VinylSd,VinylSd,BrkFace,262.0,Gd,TA,PConc,Ex,TA,Av,GLQ,1088,Unf,0,625,1713,GasA,Ex,Y,SBrkr,1713,0,0,1713,1,0,2,0,3,1,Ex,7,Typ,1,Gd,Attchd,2004.0,Fin,3,856,TA,TA,Y,0,26,0,0,170,0,,,,0,1,2009,WD,Normal,274900,12.524166311833152,3.0,3426,5,4,0,1,1,Good,160.4786923525978,321868.3582238452,17.085615941740702
1093,50,RL,60.0,8400,Pave,,Reg,Bnk,AllPub,Inside,Gtl,SWISU,Norm,Norm,1Fam,1.5Fin,6,5,1925,1950,Gable,CompShg,MetalSd,MetalSd,,0.0,TA,TA,PConc,TA,TA,No,Rec,423,Unf,0,758,1181,GasA,Fa,Y,SBrkr,1390,304,0,1694,0,0,2,0,4,1,TA,7,Typ,1,Gd,Detchd,1925.0,Unf,2,576,TA,TA,Y,342,0,128,0,0,0,,,,0,6,2008,WD,Normal,136500,11.824087219587643,2.0,2875,83,58,0,1,1,Medium,80.57851239669421,159185.76952563648,16.61961137409266
245,60,RL,,8880,Pave,,IR1,Lvl,AllPub,Inside,Gtl,SawyerW,Norm,Norm,1Fam,2Story,7,5,1994,2002,Gable,CompShg,VinylSd,VinylSd,,0.0,Gd,TA,PConc,Gd,TA,No,GLQ,695,Unf,0,253,948,GasA,Ex,Y,SBrkr,1222,888,0,2110,1,0,2,1,3,1,Gd,8,Typ,2,Fa,Attchd,1994.0,RFn,2,463,TA,TA,Y,0,130,0,0,0,0,,,,0,5,2010,WD,Normal,205000,12.230770136157428,3.5,3058,16,8,0,1,1,Good,97.1563981042654,239035.78405392088,16.602821489717503
1081,20,RL,80.0,11040,Pave,,Reg,Lvl,AllPub,Inside,Gtl,NWAmes,Norm,Norm,1Fam,1Story,6,7,1971,2004,Gable,CompShg,VinylSd,VinylSd,BrkFace,144.0,Gd,Gd,CBlock,TA,TA,No,ALQ,656,Unf,0,602,1258,GasA,Ex,Y,SBrkr,1258,0,0,1258,0,1,2,0,3,1,Gd,5,Typ,0,,Attchd,1971.0,RFn,2,528,TA,TA,Y,55,0,0,216,0,0,,,,0,10,2008,COD,Abnorml,145000,11.884495917930655,2.5,2516,37,4,0,1,0,Medium,115.26232114467409,168802.60936025408,16.41559266224419
1416,120,RL,51.0,3635,Pave,,Reg,Lvl,AllPub,Inside,Gtl,Blmngtn,Norm,Norm,TwnhsE,1Story,7,5,2007,2007,Hip,CompShg,VinylSd,VinylSd,BrkFace,130.0,Gd,TA,PConc,Gd,TA,No,ALQ,988,Unf,0,398,1386,GasA,Ex,Y,SBrkr,1569,0,0,1569,0,1,2,0,1,1,Gd,7,Typ,1,TA,Attchd,2007.0,RFn,3,660,TA,TA,Y,143,20,0,0,0,0,,,,0,5,2009,WD,Normal,175900,12.077676615757813,2.5,2955,2,2,0,1,1,Good,112.10962396430848,204643.62752107944,16.34089114330838
983,20,RL,43.0,3182,Pave,,Reg,Lvl,AllPub,Inside,Gtl,Blmngtn,Norm,Norm,1Fam,1Story,7,5,2007,2007,Gable,CompShg,VinylSd,VinylSd,BrkFace,16.0,Gd,TA,PConc,Gd,TA,Av,Unf,0,Unf,0,1266,1266,GasA,Ex,Y,SBrkr,1266,0,0,1266,0,0,2,0,2,1,Gd,6,Typ,1,Gd,Attchd,2007.0,Fin,2,388,TA,TA,Y,100,16,0,0,0,0,,,,0,3,2008,WD,Normal,159895,11.982278882874377,2.0,2532,1,1,0,1,1,Good,126.29936808846762,185886.8287326074,16.255560669569025
444,120,RL,53.0,3922,Pave,,Reg,Lvl,AllPub,Inside,Gtl,Blmngtn,Norm,Norm,TwnhsE,1Story,7,5,2006,2007,Gable,CompShg,WdShing,Wd Shng,BrkFace,72.0,Gd,TA,PConc,Ex,TA,Av,Unf,0,Unf,0,1258,1258,GasA,Ex,Y,SBrkr,1258,0,0,1258,0,0,2,0,2,1,Gd,6,Typ,1,Gd,Attchd,2007.0,Fin,3,648,TA,TA,Y,144,16,0,0,0,0,,,,0,6,2007,New,Partial,172500,12.058158312538197,2.0,2516,1,0,0,1,1,Good,137.12241653418124,200148.27610621584,16.02798614853092
1057,120,RL,43.0,7052,Pave,,IR1,Lvl,AllPub,Inside,Gtl,NridgHt,Norm,Norm,TwnhsE,1Story,7,5,2005,2005,Gable,CompShg,VinylSd,VinylSd,Stone,240.0,Gd,TA,PConc,Gd,TA,Av,GLQ,659,Unf,0,705,1364,GasA,Ex,Y,SBrkr,1364,0,0,1364,1,0,2,0,2,1,Gd,6,Typ,1,Gd,Attchd,2005.0,RFn,2,484,TA,TA,Y,192,36,0,0,0,0,,,,0,6,2006,WD,Normal,185850,12.13270055639427,3.0,2728,1,1,0,1,1,Good,136.25366568914956,215611.4916204261,16.013716233750927
1379,160,RM,21.0,1953,Pave,,Reg,Lvl,AllPub,Inside,Gtl,BrDale,Norm,Norm,Twnhs,2Story,6,5,1973,1973,Gable,CompShg,HdBoard,HdBoard,BrkFace,408.0,TA,TA,CBlock,TA,Fa,No,BLQ,309,Unf,0,174,483,GasA,TA,Y,SBrkr,483,504,0,987,0,0,1,1,2,1,TA,5,Typ,0,,Detchd,1973.0,Unf,1,264,TA,TA,Y,72,0,0,0,0,0,,,,0,6,2006,WD,Normal,83000,11.326607934898927,1.5,1470,33,33,0,1,0,Medium,84.09321175278622,96278.88940795758,15.998661937298294
1321,20,RL,70.0,8400,Pave,,Reg,Lvl,AllPub,Inside,Gtl,NAmes,Norm,Norm,1Fam,1Story,6,3,1957,1957,Hip,CompShg,BrkFace,BrkFace,,0.0,TA,TA,CBlock,TA,TA,No,ALQ,189,Rec,661,628,1478,GasA,Gd,Y,SBrkr,1478,0,0,1478,1,0,1,1,3,1,TA,6,Typ,2,Gd,Attchd,1957.0,RFn,2,442,TA,TA,Y,114,0,0,0,216,0,,,,0,6,2009,WD,Normal,156500,11.960817678718287,2.5,2956,52,52,0,1,1,Medium,105.88633288227334,181242.2770434393,15.809761689098595
1443,60,FV,85.0,11003,Pave,,Reg,Lvl,AllPub,Inside,Gtl,Somerst,Norm,Norm,1Fam,2Story,10,5,2008,2008,Gable,CompShg,VinylSd,VinylSd,Stone,160.0,Ex,TA,PConc,Ex,TA,Av,GLQ,765,Unf,0,252,1017,GasA,Ex,Y,SBrkr,1026,981,0,2007,1,0,2,1,3,1,Ex,10,Typ,1,Ex,Attchd,2008.0,Fin,3,812,TA,TA,Y,168,52,0,0,0,0,,,,0,4,2009,WD,Normal,310000,12.644330802262578,3.5,3024,1,1,0,1,1,Excellent,154.45939212755357,358531.1926127295,15.655223423461129
238,60,RL,,9453,Pave,,IR1,Lvl,AllPub,CulDSac,Gtl,SawyerW,RRNe,Norm,1Fam,2Story,7,7,1993,2003,Gable,CompShg,HdBoard,HdBoard,,0.0,Gd,TA,PConc,Gd,TA,No,BLQ,402,Unf,0,594,996,GasA,Ex,Y,SBrkr,1014,730,0,1744,0,0,2,1,3,1,Gd,7,Typ,0,,Attchd,1993.0,RFn,2,457,TA,TA,Y,370,70,0,238,0,0,,,,0,2,2010,WD,Normal,194500,12.178192583415596,2.5,2740,17,7,0,1,0,Good,111.52522935779817,224895.3586419194,15.627433749058811
413,20,FV,,4403,Pave,,IR2,Lvl,AllPub,Inside,Gtl,Somerst,Norm,Norm,1Fam,1Story,7,5,2009,2009,Gable,CompShg,MetalSd,MetalSd,Stone,432.0,Ex,TA,PConc,Ex,TA,Av,GLQ,578,Unf,0,892,1470,GasA,Ex,Y,SBrkr,1478,0,0,1478,1,0,2,1,2,1,Gd,7,Typ,1,Gd,Attchd,2009.0,Fin,2,484,TA,TA,Y,0,144,0,0,0,0,,,,0,6,2010,New,Partial,222000,12.310437165348775,3.5,2948,1,1,0,1,1,Good,150.20297699594045,255717.39440612606,15.18801549825498
790,60,RL,,12205,Pave,,IR1,Low,AllPub,Inside,Gtl,ClearCr,Norm,Norm,1Fam,2Story,6,8,1966,2007,Gable,CompShg,HdBoard,HdBoard,BrkFace,157.0,TA,TA,CBlock,TA,Fa,Gd,LwQ,568,Unf,0,264,832,GasA,Gd,Y,SBrkr,976,1111,0,2087,0,0,2,1,5,1,Gd,9,Typ,0,,Attchd,1966.0,Fin,2,444,TA,TA,Y,133,168,0,0,0,0,,,,0,7,2007,WD,Normal,187500,12.141539457711714,2.5,2919,41,0,0,1,0,Medium,89.8418782942022,215960.20965932144,15.178778484971433
919,60,RL,103.0,13125,Pave,,IR1,Lvl,AllPub,Corner,Gtl,SawyerW,Norm,Norm,1Fam,2Story,7,5,1991,1991,Gable,CompShg,HdBoard,HdBoard,,0.0,Gd,TA,PConc,Ex,TA,Mn,BLQ,48,GLQ,634,422,1104,GasA,Ex,Y,SBrkr,912,1215,0,2127,1,0,2,1,4,1,Gd,8,Typ,1,TA,Attchd,1991.0,RFn,3,833,TA,TA,Y,72,192,224,0,0,0,,GdPrv,,0,11,2007,WD,Normal,238000,12.380030154325457,3.5,3231,16,16,0,1,1,Good,111.89468735307945,273737.7811727196,15.015874442319163
446,20,RL,73.0,9855,Pave,,Reg,Lvl,AllPub,Corner,Gtl,Edwards,Norm,Norm,1Fam,1Story,6,5,1956,1956,Hip,CompShg,Wd Sdng,Wd Sdng,,0.0,TA,TA,CBlock,TA,TA,No,Unf,0,Unf,0,1436,1436,GasA,Fa,Y,SBrkr,1689,0,0,1689,0,0,1,0,3,1,TA,7,Typ,1,Gd,Attchd,1956.0,Unf,2,480,TA,TA,Y,0,0,0,0,0,0,,MnPrv,,0,11,2009,COD,Normal,127500,11.755879486687116,1.0,3125,53,53,0,1,1,Medium,75.48845470692717,146469.02139787108,14.877663841467514
1441,70,RL,79.0,11526,Pave,,IR1,Bnk,AllPub,Inside,Mod,Crawfor,Norm,Norm,1Fam,2.5Fin,6,7,1922,1994,Gable,CompShg,MetalSd,MetalSd,,0.0,TA,TA,BrkTil,Ex,TA,No,Unf,0,Unf,0,588,588,GasA,Fa,Y,SBrkr,1423,748,384,2555,0,0,2,0,3,1,TA,11,Min1,1,Gd,Detchd,1993.0,Fin,2,672,TA,TA,Y,431,0,0,0,0,0,,,,0,9,2008,WD,Normal,191000,12.160033942617156,2.0,3143,86,14,0,1,1,Medium,74.75538160469668,218995.05155649988,14.657095055759099
535,60,RL,74.0,9056,Pave,,IR1,Lvl,AllPub,Inside,Gtl,Gilbert,Norm,Norm,1Fam,2Story,8,5,2004,2004,Gable,CompShg,VinylSd,VinylSd,,0.0,Gd,TA,PConc,Ex,Gd,Av,Unf,0,Unf,0,707,707,GasA,Ex,Y,SBrkr,707,707,0,1414,0,0,2,1,3,1,Gd,6,Typ,1,Gd,Attchd,2004.0,Fin,2,403,TA,TA,Y,100,35,0,0,0,0,,,,0,10,2006,WD,Normal,178000,12.08954444723597,2.5,2121,2,2,0,1,1,Good,125.88401697312588,203788.40892702228,14.48787018372038
1388,50,RM,60.0,8520,Pave,Grvl,Reg,Lvl,AllPub,Inside,Gtl,OldTown,Artery,Norm,1Fam,1.5Fin,6,7,1916,1950,Gable,CompShg,Stucco,Stucco,,0.0,TA,Gd,BrkTil,TA,TA,No,Rec,168,LwQ,546,0,714,GasW,TA,N,SBrkr,1664,862,0,2526,0,0,2,0,5,1,Gd,10,Typ,1,Gd,Detchd,1916.0,Unf,1,216,TA,TA,Y,88,15,0,0,0,0,,GdWo,,0,8,2007,CWD,Family,136000,11.820417517632333,2.0,3240,91,57,0,1,1,Medium,53.84006334125099,155305.98366125228,14.195576221509027
274,20,RL,80.0,9600,Pave,,Reg,Lvl,AllPub,Inside,Gtl,NAmes,Feedr,Norm,1Fam,1Story,6,6,1958,1988,Hip,CompShg,Wd Sdng,Wd Sdng,BrkCmn,183.0,TA,TA,CBlock,TA,TA,No,Rec,620,LwQ,620,0,1240,GasA,Gd,Y,SBrkr,1632,0,0,1632,1,0,2,0,3,1,TA,6,Min1,1,Gd,Attchd,1958.0,RFn,1,338,TA,TA,Y,289,0,0,0,0,0,,MnPrv,,0,4,2009,WD,Normal,139000,11.842236406331555,3.0,2872,51,21,0,1,1,Medium,85.17156862745098,158715.86612852447,14.184076351456456
960,160,FV,24.0,2572,Pave,,Reg,Lvl,AllPub,FR2,Gtl,Somerst,Norm,Norm,Twnhs,2Story,7,5,1999,1999,Hip,CompShg,MetalSd,MetalSd,,0.0,Gd,TA,PConc,Gd,TA,No,ALQ,604,Unf,0,92,696,GasA,Ex,Y,SBrkr,696,720,0,1416,1,0,2,1,3,1,Gd,6,Typ,0,,Detchd,1999.0,Unf,2,484,TA,TA,Y,0,44,0,0,0,0,,,,0,5,2010,WD,Normal,155000,11.951186847493476,3.5,2112,11,11,0,1,0,Good,109.46327683615819,176605.69355507666,13.939157132307525
262,60,RL,69.0,9588,Pave,,IR1,Lvl,AllPub,Inside,Gtl,CollgCr,Norm,Norm,1Fam,2Story,8,5,2007,2007,Gable,CompShg,CemntBd,CmentBd,Stone,270.0,Gd,TA,PConc,Ex,TA,No,Unf,0,Unf,0,1482,1482,GasA,Ex,Y,SBrkr,1482,1092,0,2574,0,0,2,1,3,1,Ex,10,Typ,1,Gd,BuiltIn,2007.0,Fin,3,868,TA,TA,Y,0,148,0,0,0,0,,,,0,11,2007,New,Partial,276000,12.52815976788113,2.5,4056,0,0,0,1,1,Good,107.22610722610723,314085.012224657,13.79891747270181
382,20,FV,60.0,7200,Pave,Pave,Reg,Lvl,AllPub,Inside,Gtl,Somerst,Norm,Norm,1Fam,1Story,7,5,2006,2006,Gable,CompShg,VinylSd,VinylSd,,0.0,Gd,TA,PConc,Gd,Gd,No,Unf,0,Unf,0,1293,1293,GasA,Ex,Y,SBrkr,1301,0,0,1301,1,0,2,0,2,1,Gd,5,Typ,1,Gd,Attchd,2006.0,RFn,2,572,TA,TA,Y,216,121,0,0,0,0,,,,0,8,2006,New,Partial,187750,12.142871895843887,3.0,2594,0,0,0,1,1,Good,144.31206764027672,213431.9196616444,13.678785438958407
1117,80,RL,,7750,Pave,,Reg,Lvl,AllPub,Inside,Gtl,Gilbert,Norm,Norm,1Fam,SLvl,8,5,2002,2002,Hip,CompShg,VinylSd,VinylSd,,0.0,Gd,TA,PConc,Gd,TA,No,GLQ,353,Unf,0,55,408,GasA,Ex,Y,SBrkr,779,640,0,1419,1,0,2,1,3,1,Gd,7,Typ,1,TA,BuiltIn,2002.0,Fin,2,527,TA,TA,Y,120,0,0,0,0,0,,,,0,3,2009,WD,Normal,184100,12.123239799036943,3.5,1827,7,7,0,1,1,Good,129.73925299506695,209217.00198076785,13.643129810303012
492,50,RL,79.0,9490,Pave,,Reg,Lvl,AllPub,Inside,Gtl,NAmes,Artery,Norm,1Fam,1.5Fin,6,7,1941,1950,Gable,CompShg,Wd Sdng,Wd Sdng,,0.0,TA,TA,CBlock,TA,TA,No,BLQ,403,Rec,165,238,806,GasA,TA,Y,FuseA,958,620,0,1578,1,0,1,0,3,1,Fa,5,Typ,2,TA,Attchd,1941.0,Unf,1,240,TA,TA,Y,0,0,32,0,0,0,,MnPrv,,0,8,2006,WD,Normal,133000,11.798111925972618,2.0,2384,65,56,0,1,1,Medium,84.28390367553865,150712.05889172835,13.317337512577703
1260,20,RL,65.0,9750,Pave,,Reg,Lvl,AllPub,FR2,Gtl,NAmes,Norm,Norm,1Fam,1Story,6,8,1969,1969,Gable,CompShg,HdBoard,HdBoard,,0.0,TA,TA,CBlock,Gd,TA,No,ALQ,602,LwQ,438,14,1054,GasA,Gd,Y,SBrkr,1054,0,0,1054,1,0,1,1,3,1,TA,6,Typ,0,,Attchd,1969.0,Unf,2,460,TA,TA,Y,180,0,0,0,80,0,,,,0,7,2008,WD,Normal,151000,11.92504173829169,2.5,2108,39,39,0,1,0,Medium,143.2637571157495,170802.17168767538,13.114020985215483
1360,20,RL,129.0,16737,Pave,,Reg,Lvl,AllPub,FR3,Gtl,NridgHt,Norm,Norm,1Fam,1Story,9,5,2004,2005,Hip,CompShg,VinylSd,VinylSd,BrkFace,66.0,Gd,TA,PConc,Ex,TA,Av,GLQ,1447,Unf,0,533,1980,GasA,Ex,Y,SBrkr,1980,0,0,1980,1,0,2,0,3,1,Ex,8,Typ,1,Gd,Attchd,2004.0,Fin,3,770,TA,TA,Y,194,45,0,0,0,0,,,,0,9,2006,WD,Normal,315000,12.660331092405906,3.0,3960,2,1,0,1,1,Excellent,159.0909090909091,355958.85579354165,13.002811363029092
1127,120,RL,53.0,3684,Pave,,Reg,Lvl,AllPub,Inside,Gtl,Blmngtn,Norm,Norm,TwnhsE,1Story,7,5,2007,2007,Hip,CompShg,VinylSd,VinylSd,BrkFace,130.0,Gd,TA,PConc,Gd,TA,No,Unf,0,Unf,0,1373,1373,GasA,Ex,Y,SBrkr,1555,0,0,1555,0,0,2,0,2,1,Gd,7,Typ,1,TA,Attchd,2007.0,Fin,3,660,TA,TA,Y,143,20,0,0,0,0,,,,0,6,2009,WD,Normal,174000,12.066816325306588,2.0,2928,2,2,0,1,1,Good,111.89710610932475,196316.08376327707,12.825335496136248
656,160,RM,21.0,1680,Pave,,Reg,Lvl,AllPub,Inside,Gtl,BrDale,Norm,Norm,Twnhs,2Story,6,5,1971,1971,Gable,CompShg,HdBoard,ImStucc,BrkFace,381.0,TA,TA,CBlock,TA,TA,No,Unf,0,Unf,0,525,525,GasA,TA,Y,SBrkr,525,567,0,1092,0,0,1,1,3,1,TA,6,Typ,0,,Detchd,1971.0,Unf,1,264,TA,TA,Y,0,0,0,0,0,0,,,,0,3,2010,WD,Family,88000,11.385103457032141,1.5,1617,39,39,0,1,0,Medium,80.58608058608058,99272.23342462792,12.80935616434991
33,20,RL,85.0,11049,Pave,,Reg,Lvl,AllPub,Corner,Gtl,CollgCr,Norm,Norm,1Fam,1Story,8,5,2007,2007,Gable,CompShg,VinylSd,VinylSd,,0.0,Gd,TA,PConc,Ex,TA,Av,Unf,0,Unf,0,1234,1234,GasA,Ex,Y,SBrkr,1234,0,0,1234,0,0,2,0,3,1,Gd,7,Typ,0,,Attchd,2007.0,RFn,2,484,TA,TA,Y,0,30,0,0,0,0,,,,0,1,2008,WD,Normal,179900,12.100161978566867,2.0,2468,1,1,0,1,0,Good,145.78606158833063,202926.80614462524,12.799781069830596
956,90,RH,82.0,7136,Pave,,IR1,HLS,AllPub,Inside,Gtl,Crawfor,Norm,Norm,Duplex,2Story,6,6,1946,1950,Gable,CompShg,MetalSd,MetalSd,BrkFace,423.0,TA,TA,CBlock,Gd,TA,No,Rec,484,Unf,0,495,979,GasA,TA,N,FuseF,979,979,0,1958,0,0,2,0,4,2,TA,8,Typ,0,,Attchd,1946.0,Unf,2,492,TA,TA,Y,0,0,0,0,0,0,,,,0,8,2007,WD,Normal,145000,11.884495917930655,2.0,2937,61,57,0,1,0,Medium,74.05515832482125,163507.85613246966,12.764038712048045
931,20,RL,73.0,8925,Pave,,IR1,HLS,AllPub,Inside,Gtl,Timber,Norm,Norm,1Fam,1Story,8,5,2007,2007,Gable,CompShg,VinylSd,VinylSd,,0.0,Gd,TA,PConc,Gd,TA,Av,GLQ,16,Unf,0,1450,1466,GasA,Ex,Y,SBrkr,1466,0,0,1466,0,0,2,0,3,1,Gd,7,Typ,0,,Attchd,2007.0,Fin,3,610,TA,TA,Y,100,18,0,0,0,0,,,,0,7,2009,WD,Normal,201000,12.211065162153215,2.0,2932,2,2,0,1,0,Good,137.10777626193723,226259.52863537095,12.566929669338784
1246,80,RL,78.0,12090,Pave,,Reg,Lvl,AllPub,Inside,Gtl,NWAmes,Norm,Norm,1Fam,SLvl,6,7,1984,2003,Hip,CompShg,VinylSd,VinylSd,BrkFace,74.0,TA,TA,CBlock,Gd,TA,No,Unf,0,Unf,0,585,585,GasA,Ex,Y,SBrkr,1140,728,0,1868,0,0,3,1,3,1,TA,7,Typ,1,TA,BuiltIn,1984.0,Fin,2,477,TA,TA,Y,268,112,0,0,147,0,,,,0,1,2007,WD,Abnorml,178000,12.08954444723597,3.5,2453,23,4,0,1,1,Medium,95.28907922912205,200307.11836823798,12.532088970920213
367,20,RL,,9500,Pave,,IR1,Lvl,AllPub,Inside,Gtl,NAmes,Norm,Norm,1Fam,1Story,6,5,1963,1963,Gable,CompShg,Plywood,Plywood,BrkFace,247.0,TA,TA,CBlock,Gd,TA,No,BLQ,609,Unf,0,785,1394,GasA,Gd,Y,SBrkr,1394,0,0,1394,1,0,1,1,3,1,TA,6,Typ,2,Gd,Attchd,1963.0,RFn,2,514,TA,TA,Y,0,76,0,0,185,0,,,,0,7,2009,WD,Normal,159000,11.976665770490767,2.5,2788,46,46,0,1,1,Medium,114.06025824964132,178820.69444010092,12.465845559811902
12,60,RL,85.0,11924,Pave,,IR1,Lvl,AllPub,Inside,Gtl,NridgHt,Norm,Norm,1Fam,2Story,9,5,2005,2006,Hip,CompShg,WdShing,Wd Shng,Stone,286.0,Ex,TA,PConc,Ex,TA,No,GLQ,998,Unf,0,177,1175,GasA,Ex,Y,SBrkr,1182,1142,0,2324,1,0,3,0,4,1,Ex,11,Typ,2,Gd,BuiltIn,2005.0,Fin,3,736,TA,TA,Y,147,21,0,0,0,0,,,,0,7,2006,New,Partial,345000,12.75130259456002,4.0,3499,1,0,0,1,1,Excellent,148.4509466437177,387415.9413039189,12.294475740266346
120,60,RL,65.0,8461,Pave,,Reg,Lvl,AllPub,Inside,Gtl,CollgCr,Norm,Norm,1Fam,2Story,6,5,2005,2006,Gable,CompShg,VinylSd,VinylSd,,0.0,Gd,TA,PConc,Gd,TA,No,Unf,0,Unf,0,728,728,GasA,Ex,Y,SBrkr,728,728,0,1456,0,0,2,1,3,1,Gd,8,Typ,1,Gd,Attchd,2005.0,Fin,2,390,TA,TA,Y,0,24,0,0,0,0,,,,0,7,2006,New,Partial,163990,12.0075668272517,2.5,2184,1,0,0,1,1,Medium,112.63049450549451,184149.72146353743,12.293262676710425
882,50,RL,44.0,13758,Pave,,IR1,Lvl,AllPub,CulDSac,Gtl,Timber,Norm,Norm,1Fam,1.5Fin,7,5,1990,1991,Gable,CompShg,HdBoard,HdBoard,BrkFace,117.0,Gd,Gd,CBlock,Gd,TA,Mn,LwQ,902,Unf,0,254,1156,GasA,Ex,Y,SBrkr,1187,530,0,1717,0,0,2,1,3,1,Gd,7,Typ,1,TA,Attchd,1990.0,RFn,2,400,TA,TA,Y,168,36,0,0,0,0,,,,0,4,2007,WD,Normal,187500,12.141539457711714,2.5,2873,17,16,0,1,1,Good,109.20209668025626,210218.20806344692,12.116377633838356
713,120,RL,40.0,4671,Pave,,IR1,HLS,AllPub,Inside,Gtl,StoneBr,Norm,Norm,TwnhsE,1Story,8,5,1988,1989,Gable,CompShg,HdBoard,HdBoard,,0.0,Gd,TA,PConc,Gd,TA,Mn,GLQ,767,Unf,0,461,1228,GasA,Gd,Y,SBrkr,1228,0,0,1228,1,0,2,0,2,1,Gd,5,Typ,1,Gd,Attchd,1988.0,Fin,2,472,TA,TA,Y,168,120,0,0,0,0,,,,0,10,2008,WD,Normal,189000,12.149507585033072,3.0,2456,20,19,0,1,1,Good,153.9087947882736,211892.91882756015,12.11265546431754
1356,80,RL,102.0,10192,Pave,,IR1,Lvl,AllPub,Inside,Gtl,NWAmes,Norm,Norm,1Fam,SLvl,7,6,1968,1992,Gable,CompShg,MetalSd,MetalSd,BrkFace,143.0,TA,TA,CBlock,TA,TA,No,Unf,0,Unf,0,570,570,GasA,Gd,Y,SBrkr,1222,698,0,1920,0,0,3,0,4,1,Gd,8,Typ,1,TA,Attchd,1968.0,RFn,2,487,TA,TA,Y,0,98,0,0,0,0,,GdPrv,,0,9,2006,WD,Normal,170000,12.04355959836804,3.0,2490,38,14,0,1,1,Good,88.54166666666667,190542.04054772246,12.08355326336615
192,60,RL,,7472,Pave,,IR1,Lvl,AllPub,CulDSac,Gtl,NAmes,Norm,Norm,1Fam,2Story,7,9,1972,2004,Gable,CompShg,HdBoard,HdBoard,BrkFace,138.0,TA,TA,CBlock,TA,TA,No,ALQ,626,Unf,0,99,725,GasA,Gd,Y,SBrkr,725,754,0,1479,1,0,1,1,4,1,Gd,7,Typ,0,,Attchd,1972.0,Fin,2,484,TA,TA,Y,0,32,0,0,0,0,,,,0,6,2007,WD,Normal,184000,12.122696471358964,2.5,2204,35,3,0,1,0,Good,124.40838404327248,206069.92219254133,11.994522930728984
1068,60,RL,80.0,9760,Pave,,Reg,Lvl,AllPub,Inside,Mod,NAmes,Norm,Norm,1Fam,2Story,6,6,1964,1964,Gable,CompShg,HdBoard,HdBoard,BrkFace,360.0,TA,TA,CBlock,TA,TA,Gd,GLQ,674,LwQ,106,0,780,GasA,TA,Y,SBrkr,798,813,0,1611,1,0,1,1,4,1,TA,7,Typ,0,,Attchd,1964.0,RFn,2,442,TA,TA,Y,328,128,0,0,189,0,,,,0,6,2008,WD,Normal,167900,12.031129798974042,2.5,2391,44,44,0,1,0,Medium,104.2209807572936,187831.95258747597,11.871323756686106
138,90,RL,82.0,11070,Pave,,Reg,Lvl,AllPub,Inside,Gtl,Mitchel,Norm,Norm,Duplex,1Story,7,5,1988,1989,Gable,CompShg,VinylSd,VinylSd,BrkFace,70.0,TA,TA,CBlock,TA,TA,No,Unf,0,Unf,0,1907,1907,GasA,Gd,Y,SBrkr,1959,0,0,1959,0,0,3,0,5,2,TA,9,Typ,0,,2Types,1989.0,Unf,3,766,TA,TA,Y,0,0,0,0,0,0,,,,0,7,2006,WD,Family,171000,12.049424683420915,3.0,3866,18,17,0,1,0,Good,87.28943338437979,191011.07949593008,11.702385670134552
415,60,RL,59.0,11228,Pave,,IR2,Lvl,AllPub,CulDSac,Gtl,SawyerW,Norm,Norm,1Fam,2Story,7,5,1993,1993,Gable,CompShg,VinylSd,VinylSd,,0.0,Gd,TA,PConc,Gd,TA,No,BLQ,50,GLQ,531,499,1080,GasA,Ex,Y,SBrkr,1080,1017,0,2097,0,1,2,1,3,1,Gd,9,Typ,1,TA,Attchd,1993.0,Unf,3,678,TA,TA,Y,196,187,0,0,0,0,,,,0,12,2008,WD,Normal,228000,12.337105293891872,3.0,3177,15,15,0,1,1,Good,108.72675250357653,254430.3041641651,11.592238668493469
1400,50,RL,51.0,6171,Pave,,Reg,Lvl,AllPub,Inside,Gtl,SWISU,Norm,Norm,1Fam,1.5Fin,6,6,1925,1990,Gable,CompShg,WdShing,Wd Shng,,0.0,TA,TA,BrkTil,TA,TA,No,BLQ,264,Unf,0,712,976,GasA,Ex,Y,SBrkr,1160,448,0,1608,0,0,2,1,3,1,Gd,7,Typ,1,Gd,Detchd,1925.0,Unf,1,216,Fa,TA,Y,147,16,0,0,0,0,,MnPrv,,0,10,2009,WD,Normal,137450,11.831022768939789,2.5,2584,84,19,0,1,1,Medium,85.47885572139303,153121.89653713792,11.40188907758306
1019,80,RL,,10784,Pave,,IR1,Lvl,AllPub,FR2,Gtl,Gilbert,Norm,Norm,1Fam,SLvl,7,5,1991,1992,Gable,CompShg,HdBoard,HdBoard,BrkFace,76.0,Gd,TA,PConc,Gd,TA,No,Unf,0,Unf,0,384,384,GasA,Gd,Y,SBrkr,802,670,0,1472,0,0,2,1,3,1,Gd,7,Typ,1,TA,Attchd,1991.0,RFn,2,402,TA,TA,Y,164,0,0,0,0,0,,,,0,5,2007,WD,Normal,160000,11.982935344196433,2.5,1856,16,15,0,1,1,Good,108.69565217391305,178020.96741100616,11.26310463187885
8,60,RL,,10382,Pave,,IR1,Lvl,AllPub,Corner,Gtl,NWAmes,PosN,Norm,1Fam,2Story,7,6,1973,1973,Gable,CompShg,HdBoard,HdBoard,Stone,240.0,TA,TA,CBlock,Gd,TA,Mn,ALQ,859,BLQ,32,216,1107,GasA,Ex,Y,SBrkr,1107,983,0,2090,1,0,2,1,3,1,TA,7,Typ,2,TA,Attchd,1973.0,RFn,2,484,TA,TA,Y,235,204,228,0,0,0,,,Shed,350,11,2009,WD,Normal,200000,12.206077645517674,3.5,3197,36,36,0,1,1,Good,95.69377990430623,222356.33037505113,11.178165187525563
308,50,RM,,7920,Pave,Grvl,IR1,Lvl,AllPub,Inside,Gtl,IDOTRR,Artery,Norm,1Fam,1.5Fin,6,7,1920,1950,Gable,CompShg,MetalSd,MetalSd,,0.0,TA,Fa,CBlock,TA,TA,No,Unf,0,Unf,0,319,319,GasA,TA,Y,FuseA,1035,371,0,1406,0,0,1,0,3,1,Fa,6,Typ,0,,,,,0,0,,,N,0,144,0,0,0,0,,MnPrv,,0,3,2008,WD,Normal,89500,11.402005077384885,1.0,1725,88,58,0,0,0,Medium,63.65576102418208,99418.05083085029,11.08162104005619
1045,20,RL,80.0,9600,Pave,,Reg,Lvl,AllPub,Inside,Gtl,NWAmes,PosN,Norm,1Fam,1Story,8,5,1981,1981,Hip,WdShngl,BrkFace,BrkFace,,0.0,Gd,TA,PConc,Gd,TA,No,ALQ,1104,Unf,0,1420,2524,GasA,TA,Y,SBrkr,2524,0,0,2524,1,0,2,1,4,1,Gd,9,Typ,1,Gd,Attchd,1981.0,Fin,2,542,TA,TA,Y,474,120,0,0,0,0,,MnPrv,,0,7,2009,WD,Normal,278000,12.535379989788607,3.5,5048,28,28,0,1,1,Good,110.14263074484944,308570.69041061174,10.996651226838756
941,90,RL,55.0,12640,Pave,,IR1,Lvl,AllPub,Inside,Gtl,Mitchel,Norm,Norm,Duplex,1Story,6,5,1976,1976,Gable,CompShg,Plywood,Plywood,,0.0,TA,TA,CBlock,TA,TA,Gd,Rec,936,LwQ,396,396,1728,GasA,TA,Y,SBrkr,1728,0,0,1728,0,0,2,0,4,2,TA,8,Typ,0,,Attchd,1976.0,Unf,2,574,TA,TA,Y,40,0,0,0,0,0,,,,0,7,2006,WD,Normal,150900,11.924379271639218,2.0,3456,30,30,0,1,0,Medium,87.32638888888889,167255.7982542983,10.838832507818626
1225,60,RL,60.0,15384,Pave,,IR1,Lvl,AllPub,Inside,Gtl,Gilbert,RRAn,Norm,1Fam,2Story,7,5,2004,2005,Gable,CompShg,VinylSd,VinylSd,,0.0,Gd,TA,PConc,Gd,TA,Av,GLQ,724,Unf,0,64,788,GasA,Ex,Y,SBrkr,788,702,0,1490,1,0,2,1,3,1,Gd,8,Typ,1,Gd,Attchd,2004.0,Fin,2,388,TA,TA,Y,100,75,0,0,0,0,,,,0,2,2008,WD,Normal,184000,12.122696471358964,3.5,2278,4,3,0,1,1,Good,123.48993288590604,203866.74182125472,10.797142294160174
993,60,RL,80.0,9760,Pave,,Reg,Lvl,AllPub,Inside,Mod,NAmes,Norm,Norm,1Fam,2Story,6,8,1964,1993,Hip,CompShg,Wd Sdng,Wd Sdng,BrkFace,340.0,TA,TA,CBlock,TA,TA,Gd,BLQ,536,Rec,117,169,822,GasA,Gd,Y,SBrkr,1020,831,0,1851,0,0,2,1,3,1,Gd,7,Typ,1,Fa,Attchd,1964.0,RFn,2,440,TA,TA,Y,239,42,0,0,0,0,,MnWw,,0,7,2007,WD,Normal,187000,12.138869243416009,2.5,2673,43,14,0,1,1,Medium,101.02647217720151,207066.8775842001,10.730950579786144
431,160,RM,21.0,1680,Pave,,Reg,Lvl,AllPub,Inside,Gtl,BrDale,Norm,Norm,Twnhs,2Story,6,5,1971,1971,Gable,CompShg,HdBoard,HdBoard,BrkFace,232.0,TA,TA,CBlock,TA,TA,No,ALQ,387,Unf,0,96,483,GasA,TA,Y,SBrkr,483,504,0,987,0,0,1,1,2,1,TA,4,Typ,0,,Detchd,1971.0,Unf,1,264,TA,TA,Y,0,0,0,0,0,0,,,,0,7,2008,COD,Abnorml,85400,11.355113089309977,1.5,1470,37,37,0,1,0,Medium,86.52482269503547,94563.74911421262,10.730385379640074
252,120,RM,44.0,4750,Pave,,IR1,HLS,AllPub,Inside,Mod,Crawfor,Norm,Norm,TwnhsE,1Story,8,5,2006,2007,Hip,CompShg,VinylSd,VinylSd,Stone,481.0,Gd,TA,PConc,Gd,TA,Gd,GLQ,1573,Unf,0,0,1573,GasA,Ex,Y,SBrkr,1625,0,0,1625,1,1,2,0,2,1,Gd,5,Typ,1,Gd,Attchd,2006.0,Fin,2,538,TA,TA,Y,123,0,0,0,153,0,,,,0,12,2007,WD,Family,235000,12.367345048436391,3.5,3198,1,0,0,1,1,Good,144.6153846153846,260050.77826264815,10.659905643680064
1017,20,RL,73.0,11883,Pave,,Reg,Lvl,AllPub,Inside,Gtl,CollgCr,Norm,Norm,1Fam,1Story,7,5,1996,1996,Hip,CompShg,VinylSd,VinylSd,BrkFace,196.0,Gd,TA,PConc,Gd,TA,Gd,GLQ,690,Unf,0,814,1504,GasA,Ex,Y,SBrkr,1504,0,0,1504,1,0,2,0,3,1,Gd,6,Typ,1,TA,Attchd,1996.0,Fin,2,478,TA,TA,Y,115,66,0,0,0,0,,,,0,6,2009,WD,Normal,203000,12.220966184120165,3.0,3008,13,13,0,1,1,Good,134.97340425531914,224625.8884164214,10.65314700316325
47,50,RL,48.0,12822,Pave,,IR1,Lvl,AllPub,CulDSac,Gtl,Mitchel,Norm,Norm,1Fam,1.5Fin,7,5,2003,2003,Gable,CompShg,VinylSd,VinylSd,,0.0,Gd,TA,PConc,Ex,TA,No,GLQ,1351,Unf,0,83,1434,GasA,Ex,Y,SBrkr,1518,631,0,2149,1,0,1,1,1,1,Gd,6,Typ,1,Ex,Attchd,2003.0,RFn,2,670,TA,TA,Y,168,43,0,0,198,0,,,,0,8,2009,WD,Abnorml,239686,12.387089184491993,2.5,3583,6,6,0,1,1,Good,111.53373662168451,265215.33872559667,10.651159736320297
287,50,RL,77.0,9786,Pave,,IR1,Bnk,AllPub,Inside,Gtl,NAmes,Norm,Norm,1Fam,1.5Fin,6,7,1962,1981,Gable,CompShg,Wd Sdng,Wd Sdng,,0.0,TA,TA,CBlock,TA,TA,No,Rec,600,Unf,0,312,912,GasA,TA,Y,SBrkr,1085,649,0,1734,0,0,1,1,3,1,Gd,7,Typ,1,Gd,Attchd,1962.0,RFn,2,440,TA,TA,Y,0,0,0,0,128,0,,GdPrv,,0,6,2006,WD,Normal,159000,11.976665770490767,1.5,2646,44,25,0,1,1,Medium,91.6955017301038,175860.7851981311,10.604267420208245
1422,120,RL,53.0,4043,Pave,,Reg,Lvl,AllPub,Inside,Gtl,NPkVill,Norm,Norm,TwnhsE,1Story,6,5,1977,1977,Gable,CompShg,Plywood,Plywood,,0.0,TA,TA,CBlock,Gd,TA,No,ALQ,360,Unf,0,709,1069,GasA,TA,Y,SBrkr,1069,0,0,1069,0,0,2,0,2,1,TA,4,Typ,1,Fa,Attchd,1977.0,RFn,2,440,TA,TA,Y,0,55,0,0,165,0,,,,0,7,2010,WD,Normal,127500,11.755879486687116,2.0,2138,33,33,0,1,1,Medium,119.27034611786716,140983.3122467172,10.575146860170346
658,70,RL,60.0,7200,Pave,,Reg,HLS,AllPub,Inside,Mod,Crawfor,Norm,Norm,1Fam,2Story,7,6,1931,2000,Gable,CompShg,Stucco,Wd Shng,,0.0,TA,Fa,BrkTil,Gd,TA,No,Unf,0,Unf,0,776,776,GasA,TA,Y,SBrkr,851,651,0,1502,0,0,1,1,3,1,TA,6,Typ,1,Gd,Attchd,1931.0,RFn,1,270,TA,TA,P,0,0,112,0,0,0,,MnPrv,,0,2,2008,WD,Normal,149000,11.91170829631447,1.5,2278,77,8,0,1,1,Good,99.20106524633822,164730.33017720588,10.557268575305958
1252,120,RL,,3136,Pave,,IR1,Lvl,AllPub,Corner,Gtl,NridgHt,Norm,Norm,TwnhsE,1Story,7,5,2003,2003,Gable,CompShg,VinylSd,Wd Shng,Stone,163.0,Gd,TA,PConc,Gd,TA,No,Unf,0,Unf,0,1405,1405,GasA,Ex,Y,SBrkr,1405,0,0,1405,0,0,2,0,2,1,Gd,6,Typ,1,Gd,Attchd,2003.0,RFn,2,478,TA,TA,Y,148,36,0,0,0,0,,,,0,3,2006,WD,Normal,171750,12.053801032483948,2.0,2810,3,3,0,1,1,Good,122.24199288256227,189818.73588267717,10.520370237366619
598,120,RL,53.0,3922,Pave,,Reg,Lvl,AllPub,Inside,Gtl,Blmngtn,Norm,Norm,TwnhsE,1Story,7,5,2006,2007,Gable,CompShg,VinylSd,VinylSd,BrkFace,72.0,Gd,TA,PConc,Ex,TA,Av,Unf,0,Unf,0,1258,1258,GasA,Ex,Y,SBrkr,1402,0,0,1402,0,2,0,2,2,1,Gd,7,Typ,1,Gd,Attchd,2006.0,Fin,3,648,TA,TA,Y,120,16,0,0,0,0,,,,0,2,2007,New,Partial,194201,12.176654133447505,2.0,2660,1,0,0,1,1,Good,138.51711840228245,214530.92832037367,10.468498267451594
1255,60,RL,60.0,6931,Pave,,Reg,Lvl,AllPub,Inside,Gtl,Edwards,Norm,Norm,1Fam,2Story,7,5,2003,2004,Gable,CompShg,VinylSd,VinylSd,Stone,92.0,Gd,TA,PConc,Gd,TA,No,Unf,0,Unf,0,746,746,GasA,Ex,Y,SBrkr,760,896,0,1656,0,0,2,1,3,1,Gd,7,Typ,1,Gd,BuiltIn,2003.0,Fin,2,397,TA,TA,Y,178,128,0,0,0,0,,,,0,7,2008,WD,Normal,165400,12.016128107502665,2.5,2402,5,4,0,1,1,Good,99.8792270531401,182565.51896065232,10.378185586851462
1238,60,RL,41.0,12393,Pave,,IR2,Lvl,AllPub,FR2,Gtl,CollgCr,Norm,Norm,1Fam,2Story,7,5,2004,2005,Gable,CompShg,VinylSd,VinylSd,,0.0,Gd,TA,PConc,Gd,TA,No,Unf,0,Unf,0,847,847,GasA,Ex,Y,SBrkr,847,1101,0,1948,0,0,2,1,4,1,Gd,8,Typ,1,Gd,BuiltIn,2004.0,Fin,2,434,TA,TA,Y,100,48,0,0,0,0,,,,0,9,2006,WD,Normal,195000,12.180759965737863,2.5,2795,2,1,0,1,1,Good,100.10266940451746,215194.3968438903,10.356100945584775
348,20,RL,,17600,Pave,,IR1,Lvl,AllPub,Inside,Gtl,NAmes,Norm,Norm,1Fam,1Story,6,5,1960,1960,Gable,CompShg,Wd Sdng,Wd Sdng,BrkFace,30.0,TA,TA,CBlock,TA,TA,No,BLQ,1270,Unf,0,208,1478,GasA,Ex,Y,FuseA,1478,0,0,1478,1,0,2,0,3,1,TA,6,Typ,2,Gd,Attchd,1960.0,Unf,2,498,TA,TA,Y,0,40,0,0,0,0,,,,0,12,2009,WD,Normal,157500,11.967187086434018,3.0,2956,49,49,0,1,1,Medium,106.56292286874154,173754.0977410888,10.320062057834159
1305,160,RM,32.0,3363,Pave,,Reg,Lvl,AllPub,Inside,Gtl,Edwards,Norm,Norm,TwnhsE,2Story,7,5,2004,2004,Gable,CompShg,VinylSd,VinylSd,Stone,117.0,Gd,TA,PConc,Gd,TA,No,Unf,0,Unf,0,976,976,GasA,Ex,Y,SBrkr,976,732,0,1708,0,0,2,0,3,1,Gd,7,Maj1,0,,Detchd,2004.0,Unf,2,380,TA,TA,Y,0,40,0,0,0,0,,,,0,4,2006,WD,Normal,130000,11.775297421715827,2.0,2684,2,2,0,1,0,Good,76.11241217798595,143311.07264291294,10.239286648394572
263,80,RL,88.0,8471,Pave,,IR1,Lvl,AllPub,Corner,Gtl,Sawyer,Norm,Norm,1Fam,SLvl,6,7,1977,1995,Gable,CompShg,HdBoard,Plywood,BrkFace,46.0,TA,TA,CBlock,Gd,Gd,Av,ALQ,506,Unf,0,0,506,GasA,TA,Y,SBrkr,1212,0,0,1212,1,0,1,0,3,1,TA,6,Typ,1,TA,Attchd,1978.0,Unf,2,492,TA,TA,Y,292,12,0,0,0,0,,GdWo,,0,7,2006,WD,Normal,151000,11.92504173829169,2.0,1718,29,11,0,1,1,Medium,124.58745874587459,166370.4692607068,10.179118715699866
616,85,RL,80.0,8800,Pave,,Reg,Lvl,AllPub,Inside,Gtl,NAmes,Feedr,Norm,1Fam,SFoyer,6,7,1963,1963,Gable,CompShg,MetalSd,MetalSd,BrkFace,156.0,TA,Gd,PConc,TA,TA,Gd,GLQ,763,Unf,0,173,936,GasA,Ex,Y,SBrkr,1054,0,0,1054,1,0,1,0,3,1,Gd,6,Typ,0,,Attchd,1963.0,RFn,2,480,TA,TA,Y,120,0,0,0,0,0,,MnPrv,,0,5,2010,WD,Abnorml,137500,11.83138646878959,2.0,1990,47,47,0,1,0,Medium,130.45540796963948,151386.3027792839,10.099129294024653
709,60,RL,65.0,9018,Pave,,IR1,Lvl,AllPub,Inside,Gtl,Gilbert,Norm,Norm,1Fam,2Story,7,5,2007,2007,Hip,CompShg,VinylSd,VinylSd,,0.0,Gd,TA,PConc,Gd,TA,Av,Unf,0,Unf,0,728,728,GasA,Ex,Y,SBrkr,728,728,0,1456,0,0,2,1,3,1,Gd,8,Typ,1,Gd,Attchd,2007.0,Fin,2,400,TA,TA,Y,100,24,0,0,0,0,,,,0,7,2007,New,Partial,179540,12.09815887308463,2.5,2184,0,0,0,1,1,Good,123.31043956043956,197592.45534859324,10.054837556306808
1064,30,RM,50.0,6000,Pave,,Reg,Lvl,AllPub,Inside,Gtl,OldTown,Artery,Norm,1Fam,1Story,6,6,1925,1980,Gable,CompShg,MetalSd,MetalSd,,0.0,TA,Gd,BrkTil,TA,TA,No,BLQ,397,Unf,0,706,1103,GasA,Gd,Y,SBrkr,1103,0,0,1103,0,0,1,0,2,1,Gd,5,Typ,1,Gd,Detchd,1976.0,Unf,2,440,TA,TA,Y,166,120,0,0,0,0,,MnPrv,,0,7,2006,WD,Normal,110500,11.612779849672751,1.0,2206,81,26,0,1,1,Medium,100.18132366273798,121574.36319822136,10.022048143186748
426,60,RM,60.0,3378,Pave,Grvl,Reg,HLS,AllPub,Inside,Gtl,OldTown,Norm,Norm,1Fam,2Story,7,8,1946,1992,Gable,CompShg,HdBoard,HdBoard,,0.0,TA,Gd,CBlock,TA,TA,No,Unf,0,Unf,0,651,651,GasA,Gd,Y,SBrkr,707,682,0,1389,0,0,1,1,3,1,TA,6,Typ,2,Gd,Detchd,1947.0,Unf,1,240,TA,TA,P,0,0,126,0,0,0,,,,0,9,2009,WD,Normal,135000,11.813037464800539,1.5,2040,63,17,0,1,1,Good,97.19222462203024,148507.49484997822,10.005551740724608
